Source ZIP,Original Filename,New Filename
WhatsApp Unknown 2026-10-08 at 3.30.04 PM.zip,WhatsApp Image 2026-10-08 at 1.11.04 PM.jpeg,cafe-interiors/cafe-interior-checkered-floor-01.jpg
WhatsApp Unknown 2026-10-08 at 3.30.04 PM.zip,WhatsApp Image 2026-10-08 at 1.11.04 PM (1).jpeg,cafe-interiors/cafe-interior-wood-ceiling-02.jpg
WhatsApp Unknown 2026-10-08 at 3.30.04 PM.zip,WhatsApp Image 2026-10-08 at 1.11.05 PM.jpeg,cafe-interiors/cafe-reception-counter-03.jpg
WhatsApp Unknown 2026-10-08 at 3.30.04 PM.zip,WhatsApp Image 2026-10-08 at 1.11.05 PM (1).jpeg,cafe-interiors/cafe-seating-and-plants-04.jpg
WhatsApp Unknown 2026-10-08 at 3.30.04 PM.zip,WhatsApp Image 2026-10-08 at 1.11.05 PM (2).jpeg,cafe-interiors/cafe-feature-wall-05.jpg
WhatsApp Unknown 2026-10-08 at 3.30.04 PM.zip,WhatsApp Image 2026-10-08 at 1.11.05 PM (3).jpeg,cafe-interiors/cafe-ambient-lighting-06.jpg
WhatsApp Unknown 2026-10-08 at 3.30.04 PM.zip,WhatsApp Image 2026-10-08 at 1.11.06 PM.jpeg,cafe-interiors/cafe-wooden-wall-panels-07.jpg
WhatsApp Unknown 2026-10-08 at 3.30.04 PM.zip,WhatsApp Image 2026-10-08 at 1.11.06 PM (1).jpeg,cafe-interiors/cafe-dining-space-08.jpg
WhatsApp Unknown 2026-10-08 at 3.30.04 PM.zip,WhatsApp Image 2026-10-08 at 1.11.06 PM (2).jpeg,cafe-interiors/cafe-interior-checkered-floor-09.jpg
WhatsApp Unknown 2026-10-08 at 3.30.04 PM.zip,WhatsApp Image 2026-10-08 at 1.11.07 PM.jpeg,cafe-interiors/cafe-interior-wood-ceiling-10.jpg
WhatsApp Unknown 2026-10-08 at 3.30.04 PM.zip,WhatsApp Image 2026-10-08 at 1.11.07 PM (1).jpeg,cafe-interiors/cafe-reception-counter-11.jpg
WhatsApp Unknown 2026-10-08 at 3.30.04 PM.zip,WhatsApp Image 2026-10-08 at 1.11.07 PM (2).jpeg,cafe-interiors/cafe-seating-and-plants-12.jpg
WhatsApp Unknown 2026-10-08 at 3.30.04 PM.zip,WhatsApp Image 2026-10-08 at 1.11.08 PM.jpeg,cafe-interiors/cafe-feature-wall-13.jpg
WhatsApp Unknown 2026-10-08 at 3.30.04 PM.zip,WhatsApp Image 2026-10-08 at 1.11.08 PM (1).jpeg,cafe-interiors/cafe-ambient-lighting-14.jpg
WhatsApp Unknown 2026-10-08 at 3.30.04 PM.zip,WhatsApp Image 2026-10-08 at 1.11.08 PM (2).jpeg,cafe-interiors/cafe-wooden-wall-panels-15.jpg
WhatsApp Unknown 2026-10-08 at 3.30.04 PM.zip,WhatsApp Image 2026-10-08 at 1.11.09 PM.jpeg,cafe-interiors/cafe-dining-space-16.jpg
WhatsApp Unknown 2026-10-08 at 3.32.17 PM.zip,WhatsApp Image 2026-10-03 at 4.46.27 PM.jpeg,commercial-interior-renders/luxury-cafe-staircase-01.jpg
WhatsApp Unknown 2026-10-08 at 3.32.17 PM.zip,WhatsApp Image 2026-10-03 at 4.46.27 PM (1).jpeg,commercial-interior-renders/cafe-counter-and-pendant-lights-02.jpg
WhatsApp Unknown 2026-10-08 at 3.32.17 PM.zip,WhatsApp Image 2026-10-03 at 4.46.28 PM.jpeg,commercial-interior-renders/cafe-feature-wall-03.jpg
WhatsApp Unknown 2026-10-08 at 3.32.17 PM.zip,WhatsApp Image 2026-10-03 at 4.46.28 PM (1).jpeg,commercial-interior-renders/cafe-wooden-wall-paneling-04.jpg
WhatsApp Unknown 2026-10-08 at 3.32.17 PM.zip,WhatsApp Image 2026-10-03 at 4.46.28 PM (2).jpeg,commercial-interior-renders/cafe-dining-seating-05.jpg
WhatsApp Unknown 2026-10-08 at 3.32.17 PM.zip,WhatsApp Image 2026-10-03 at 4.46.29 PM.jpeg,commercial-interior-renders/cafe-architectural-details-06.jpg
WhatsApp Unknown 2026-10-08 at 3.32.17 PM.zip,WhatsApp Image 2026-10-03 at 4.46.29 PM (1).jpeg,commercial-interior-renders/luxury-cafe-staircase-07.jpg
WhatsApp Unknown 2026-10-08 at 3.32.17 PM.zip,WhatsApp Image 2026-10-03 at 4.46.29 PM (2).jpeg,commercial-interior-renders/cafe-counter-and-pendant-lights-08.jpg
WhatsApp Unknown 2026-10-08 at 3.32.17 PM.zip,WhatsApp Image 2026-10-03 at 4.46.30 PM.jpeg,commercial-interior-renders/cafe-feature-wall-09.jpg
WhatsApp Unknown 2026-10-08 at 3.32.17 PM.zip,WhatsApp Image 2026-10-03 at 4.46.30 PM (1).jpeg,commercial-interior-renders/cafe-wooden-wall-paneling-10.jpg
WhatsApp Unknown 2026-10-08 at 3.32.17 PM.zip,WhatsApp Image 2026-10-03 at 4.46.30 PM (2).jpeg,commercial-interior-renders/cafe-dining-seating-11.jpg
WhatsApp Unknown 2026-10-08 at 3.32.17 PM.zip,WhatsApp Image 2026-10-03 at 4.46.30 PM (3).jpeg,commercial-interior-renders/cafe-architectural-details-12.jpg
WhatsApp Unknown 2026-10-08 at 3.32.17 PM.zip,WhatsApp Image 2026-10-03 at 4.47.18 PM.jpeg,residential-interior-renders/elegant-living-room-13.jpg
WhatsApp Unknown 2026-10-08 at 3.32.17 PM.zip,WhatsApp Image 2026-10-03 at 4.47.18 PM (1).jpeg,residential-interior-renders/elegant-living-room-14.jpg
WhatsApp Unknown 2026-10-08 at 3.32.17 PM.zip,WhatsApp Image 2026-10-03 at 4.47.19 PM.jpeg,residential-interior-renders/elegant-living-room-15.jpg
WhatsApp Unknown 2026-10-08 at 3.32.17 PM.zip,WhatsApp Image 2026-10-03 at 4.47.19 PM (1).jpeg,residential-interior-renders/elegant-living-room-16.jpg
WhatsApp Unknown 2026-10-08 at 3.32.17 PM.zip,WhatsApp Image 2026-10-03 at 4.47.19 PM (2).jpeg,residential-interior-renders/elegant-living-room-17.jpg
WhatsApp Unknown 2026-10-08 at 3.32.17 PM.zip,WhatsApp Image 2026-10-03 at 4.47.19 PM (3).jpeg,residential-interior-renders/elegant-living-room-18.jpg
WhatsApp Unknown 2026-10-08 at 3.32.17 PM.zip,WhatsApp Image 2026-10-03 at 4.48.23 PM.jpeg,commercial-interior-renders/cafe-wall-art-19.jpg
WhatsApp Unknown 2026-10-08 at 3.32.17 PM.zip,WhatsApp Image 2026-10-03 at 4.48.23 PM (1).jpeg,commercial-interior-renders/cafe-counter-design-20.jpg
WhatsApp Unknown 2026-10-08 at 3.32.17 PM.zip,WhatsApp Image 2026-10-03 at 4.48.23 PM (2).jpeg,commercial-interior-renders/cafe-seating-layout-21.jpg
WhatsApp Unknown 2026-10-08 at 3.32.17 PM.zip,WhatsApp Image 2026-10-03 at 4.48.24 PM.jpeg,commercial-interior-renders/cafe-ceiling-lighting-22.jpg
WhatsApp Unknown 2026-10-08 at 3.32.17 PM.zip,WhatsApp Image 2026-10-03 at 4.48.24 PM (1).jpeg,commercial-interior-renders/cafe-wall-art-23.jpg
WhatsApp Unknown 2026-10-08 at 3.32.17 PM.zip,WhatsApp Image 2026-10-03 at 4.48.24 PM (2).jpeg,commercial-interior-renders/cafe-counter-design-24.jpg
WhatsApp Unknown 2026-10-08 at 3.32.17 PM.zip,WhatsApp Image 2026-10-03 at 4.48.25 PM.jpeg,commercial-interior-renders/cafe-seating-layout-25.jpg
WhatsApp Unknown 2026-10-08 at 3.32.17 PM.zip,WhatsApp Image 2026-10-03 at 4.48.25 PM (1).jpeg,commercial-interior-renders/cafe-ceiling-lighting-26.jpg
WhatsApp Unknown 2026-10-08 at 3.32.17 PM.zip,WhatsApp Image 2026-10-03 at 4.48.25 PM (2).jpeg,commercial-interior-renders/cafe-wall-art-27.jpg
WhatsApp Unknown 2026-10-08 at 3.32.17 PM.zip,WhatsApp Image 2026-10-03 at 4.48.25 PM (3).jpeg,commercial-interior-renders/cafe-counter-design-28.jpg
WhatsApp Unknown 2026-10-08 at 3.32.17 PM.zip,WhatsApp Image 2026-10-03 at 4.48.26 PM.jpeg,commercial-interior-renders/cafe-seating-layout-29.jpg
WhatsApp Unknown 2026-10-08 at 3.32.17 PM.zip,WhatsApp Image 2026-10-03 at 4.48.26 PM (1).jpeg,commercial-interior-renders/cafe-ceiling-lighting-30.jpg
WhatsApp Unknown 2026-10-08 at 3.32.17 PM.zip,WhatsApp Image 2026-10-03 at 4.48.26 PM (2).jpeg,commercial-interior-renders/cafe-wall-art-31.jpg
WhatsApp Unknown 2026-10-08 at 3.32.17 PM.zip,WhatsApp Image 2026-10-03 at 4.48.27 PM.jpeg,commercial-interior-renders/cafe-counter-design-32.jpg
WhatsApp Unknown 2026-10-08 at 3.32.17 PM.zip,WhatsApp Image 2026-10-03 at 4.48.27 PM (1).jpeg,commercial-interior-renders/cafe-seating-layout-33.jpg
WhatsApp Unknown 2026-10-08 at 3.32.17 PM.zip,WhatsApp Image 2026-10-03 at 4.48.27 PM (2).jpeg,commercial-interior-renders/cafe-ceiling-lighting-34.jpg
WhatsApp Unknown 2026-10-08 at 3.32.17 PM.zip,WhatsApp Image 2026-10-03 at 4.48.27 PM (3).jpeg,commercial-interior-renders/cafe-wall-art-35.jpg
WhatsApp Unknown 2026-10-08 at 3.32.17 PM.zip,WhatsApp Image 2026-10-03 at 4.48.28 PM.jpeg,commercial-interior-renders/cafe-counter-design-36.jpg
WhatsApp Unknown 2026-10-08 at 3.32.17 PM.zip,WhatsApp Image 2026-10-03 at 4.48.28 PM (1).jpeg,commercial-interior-renders/cafe-seating-layout-37.jpg
WhatsApp Unknown 2026-10-08 at 3.32.17 PM.zip,WhatsApp Image 2026-10-03 at 4.48.28 PM (2).jpeg,commercial-interior-renders/cafe-ceiling-lighting-38.jpg
WhatsApp Unknown 2026-10-08 at 3.32.17 PM.zip,WhatsApp Image 2026-10-03 at 4.52.06 PM.jpeg,commercial-interior-renders/colorful-restaurant-interior-39.jpg
WhatsApp Unknown 2026-10-08 at 3.32.17 PM.zip,WhatsApp Image 2026-10-03 at 4.52.08 PM.jpeg,commercial-interior-renders/restaurant-wall-decor-40.jpg
WhatsApp Unknown 2026-10-08 at 3.32.17 PM.zip,WhatsApp Image 2026-10-03 at 4.52.08 PM (1).jpeg,commercial-interior-renders/restaurant-ceiling-design-41.jpg
WhatsApp Unknown 2026-10-08 at 3.32.17 PM.zip,WhatsApp Image 2026-10-03 at 4.52.09 PM.jpeg,commercial-interior-renders/restaurant-dining-area-42.jpg
WhatsApp Unknown 2026-10-08 at 3.32.17 PM.zip,WhatsApp Image 2026-10-03 at 4.52.09 PM (1).jpeg,commercial-interior-renders/colorful-restaurant-interior-43.jpg
WhatsApp Unknown 2026-10-08 at 3.32.17 PM.zip,WhatsApp Image 2026-10-03 at 4.52.09 PM (2).jpeg,commercial-interior-renders/restaurant-wall-decor-44.jpg
WhatsApp Unknown 2026-10-08 at 3.32.17 PM.zip,WhatsApp Image 2026-10-03 at 4.52.10 PM.jpeg,commercial-interior-renders/restaurant-ceiling-design-45.jpg
WhatsApp Unknown 2026-10-08 at 3.32.17 PM.zip,WhatsApp Image 2026-10-03 at 4.52.10 PM (1).jpeg,commercial-interior-renders/restaurant-dining-area-46.jpg
WhatsApp Unknown 2026-10-08 at 3.32.17 PM.zip,WhatsApp Image 2026-10-03 at 4.52.10 PM (2).jpeg,commercial-interior-renders/colorful-restaurant-interior-47.jpg
WhatsApp Unknown 2026-10-08 at 3.32.17 PM.zip,WhatsApp Image 2026-10-03 at 4.52.11 PM.jpeg,commercial-interior-renders/restaurant-wall-decor-48.jpg
WhatsApp Unknown 2026-10-08 at 3.32.17 PM.zip,WhatsApp Image 2026-10-03 at 4.52.11 PM (1).jpeg,residential-interior-renders/modern-living-room-49.jpg
WhatsApp Unknown 2026-10-08 at 3.32.17 PM.zip,WhatsApp Image 2026-10-03 at 4.52.11 PM (2).jpeg,residential-interior-renders/designer-ceiling-50.jpg
WhatsApp Unknown 2026-10-08 at 3.32.17 PM.zip,WhatsApp Image 2026-10-03 at 4.52.11 PM (3).jpeg,residential-interior-renders/premium-wall-panels-51.jpg
WhatsApp Unknown 2026-10-08 at 3.32.17 PM.zip,WhatsApp Image 2026-10-03 at 4.52.12 PM.jpeg,residential-interior-renders/contemporary-interior-52.jpg
WhatsApp Unknown 2026-10-08 at 3.32.17 PM.zip,WhatsApp Image 2026-10-03 at 4.52.13 PM.jpeg,residential-interior-renders/modern-living-room-53.jpg
WhatsApp Unknown 2026-10-08 at 3.32.17 PM.zip,WhatsApp Image 2026-10-03 at 4.52.13 PM (1).jpeg,residential-interior-renders/designer-ceiling-54.jpg
WhatsApp Unknown 2026-10-08 at 3.32.17 PM.zip,WhatsApp Image 2026-10-03 at 4.52.13 PM (2).jpeg,residential-interior-renders/premium-wall-panels-55.jpg
WhatsApp Unknown 2026-10-08 at 3.32.17 PM.zip,WhatsApp Image 2026-10-03 at 4.52.14 PM.jpeg,residential-interior-renders/contemporary-interior-56.jpg
WhatsApp Unknown 2026-10-08 at 3.32.17 PM.zip,WhatsApp Image 2026-10-03 at 4.52.53 PM.jpeg,residential-interior-renders/modern-living-room-57.jpg
WhatsApp Unknown 2026-10-08 at 3.32.17 PM.zip,WhatsApp Image 2026-10-03 at 4.52.54 PM.jpeg,residential-interior-renders/designer-ceiling-58.jpg
WhatsApp Unknown 2026-10-08 at 3.32.17 PM.zip,WhatsApp Image 2026-10-03 at 4.52.55 PM.jpeg,residential-interior-renders/premium-wall-panels-59.jpg
WhatsApp Unknown 2026-10-08 at 3.32.17 PM.zip,WhatsApp Image 2026-10-03 at 4.52.55 PM (1).jpeg,residential-interior-renders/contemporary-interior-60.jpg
WhatsApp Unknown 2026-10-08 at 3.32.17 PM.zip,WhatsApp Image 2026-10-03 at 4.52.56 PM.jpeg,commercial-interior-renders/restaurant-checkered-floor-61.jpg
WhatsApp Unknown 2026-10-08 at 3.32.17 PM.zip,WhatsApp Image 2026-10-03 at 4.52.57 PM.jpeg,commercial-interior-renders/restaurant-dining-seating-62.jpg
WhatsApp Unknown 2026-10-08 at 3.32.17 PM.zip,WhatsApp Image 2026-10-03 at 4.52.57 PM (1).jpeg,commercial-interior-renders/restaurant-feature-ceiling-63.jpg
WhatsApp Unknown 2026-10-08 at 3.32.17 PM.zip,WhatsApp Image 2026-10-03 at 4.52.58 PM.jpeg,commercial-interior-renders/restaurant-reception-counter-64.jpg
WhatsApp Unknown 2026-10-08 at 3.32.17 PM.zip,WhatsApp Image 2026-10-03 at 4.52.58 PM (1).jpeg,commercial-interior-renders/restaurant-checkered-floor-65.jpg
WhatsApp Unknown 2026-10-08 at 3.32.17 PM.zip,WhatsApp Image 2026-10-03 at 4.52.59 PM.jpeg,commercial-interior-renders/restaurant-dining-seating-66.jpg
WhatsApp Unknown 2026-10-08 at 3.32.17 PM.zip,WhatsApp Image 2026-10-03 at 4.52.59 PM (1).jpeg,commercial-interior-renders/restaurant-feature-ceiling-67.jpg
WhatsApp Unknown 2026-10-08 at 3.32.17 PM.zip,WhatsApp Image 2026-10-03 at 4.52.59 PM (2).jpeg,commercial-interior-renders/restaurant-reception-counter-68.jpg
WhatsApp Unknown 2026-10-08 at 3.32.17 PM.zip,WhatsApp Image 2026-10-03 at 4.53.00 PM.jpeg,commercial-interior-renders/restaurant-checkered-floor-69.jpg
WhatsApp Unknown 2026-10-08 at 3.32.17 PM.zip,WhatsApp Image 2026-10-03 at 4.53.00 PM (1).jpeg,commercial-interior-renders/restaurant-dining-seating-70.jpg
WhatsApp Unknown 2026-10-08 at 3.32.17 PM.zip,WhatsApp Image 2026-10-03 at 4.53.00 PM (2).jpeg,commercial-interior-renders/restaurant-feature-ceiling-71.jpg
WhatsApp Unknown 2026-10-08 at 3.32.17 PM.zip,WhatsApp Image 2026-10-03 at 4.53.01 PM.jpeg,commercial-interior-renders/restaurant-reception-counter-72.jpg
WhatsApp Unknown 2026-10-08 at 3.32.17 PM.zip,WhatsApp Image 2026-10-03 at 4.53.01 PM (1).jpeg,commercial-interior-renders/restaurant-checkered-floor-73.jpg
WhatsApp Unknown 2026-10-08 at 3.32.17 PM.zip,WhatsApp Image 2026-10-03 at 4.53.01 PM (2).jpeg,commercial-interior-renders/restaurant-dining-seating-74.jpg
WhatsApp Unknown 2026-10-08 at 3.32.17 PM.zip,WhatsApp Image 2026-10-03 at 4.53.01 PM (3).jpeg,commercial-interior-renders/restaurant-feature-ceiling-75.jpg
WhatsApp Unknown 2026-10-08 at 3.32.17 PM.zip,WhatsApp Image 2026-10-03 at 4.53.02 PM.jpeg,commercial-interior-renders/restaurant-reception-counter-76.jpg
WhatsApp Unknown 2026-10-08 at 3.32.39 PM.zip,WhatsApp Image 2026-10-03 at 5.00.35 PM.jpeg,commercial-site-photos/modern-commercial-space-interior-01.jpg
WhatsApp Unknown 2026-10-08 at 3.32.39 PM.zip,WhatsApp Image 2026-10-03 at 5.00.36 PM.jpeg,commercial-site-photos/modern-commercial-space-interior-02.jpg
WhatsApp Unknown 2026-10-08 at 3.32.39 PM.zip,WhatsApp Image 2026-10-03 at 5.00.36 PM (1).jpeg,commercial-site-photos/modern-commercial-space-interior-03.jpg
WhatsApp Unknown 2026-10-08 at 3.32.39 PM.zip,WhatsApp Image 2026-10-03 at 5.00.36 PM (2).jpeg,commercial-site-photos/modern-commercial-space-interior-04.jpg
WhatsApp Unknown 2026-10-08 at 3.32.39 PM.zip,WhatsApp Image 2026-10-03 at 5.00.38 PM.jpeg,commercial-site-photos/modern-commercial-space-interior-05.jpg
WhatsApp Unknown 2026-10-08 at 3.32.39 PM.zip,WhatsApp Image 2026-10-03 at 5.00.39 PM.jpeg,commercial-site-photos/interior-renovation-in-progress-06.jpg
WhatsApp Unknown 2026-10-08 at 3.32.39 PM.zip,WhatsApp Image 2026-10-03 at 5.00.39 PM (1).jpeg,commercial-site-photos/gym-interior-construction-07.jpg
WhatsApp Unknown 2026-10-08 at 3.32.39 PM.zip,WhatsApp Image 2026-10-03 at 5.00.39 PM (2).jpeg,commercial-site-photos/commercial-ceiling-lighting-08.jpg
WhatsApp Unknown 2026-10-08 at 3.32.39 PM.zip,WhatsApp Image 2026-10-03 at 5.00.40 PM.jpeg,commercial-site-photos/interior-renovation-in-progress-09.jpg
WhatsApp Unknown 2026-10-08 at 3.32.39 PM.zip,WhatsApp Image 2026-10-03 at 5.00.41 PM.jpeg,commercial-site-photos/gym-interior-construction-10.jpg
WhatsApp Unknown 2026-10-08 at 3.32.39 PM.zip,WhatsApp Image 2026-10-03 at 5.00.41 PM (1).jpeg,commercial-site-photos/commercial-ceiling-lighting-11.jpg
WhatsApp Unknown 2026-10-08 at 3.32.39 PM.zip,WhatsApp Image 2026-10-03 at 5.00.41 PM (2).jpeg,commercial-site-photos/interior-renovation-in-progress-12.jpg
WhatsApp Unknown 2026-10-08 at 3.32.39 PM.zip,WhatsApp Image 2026-10-03 at 5.00.42 PM.jpeg,commercial-site-photos/gym-interior-construction-13.jpg
WhatsApp Unknown 2026-10-08 at 3.32.39 PM.zip,WhatsApp Image 2026-10-03 at 5.00.42 PM (1).jpeg,commercial-site-photos/commercial-ceiling-lighting-14.jpg
WhatsApp Unknown 2026-10-08 at 3.32.39 PM.zip,WhatsApp Image 2026-10-03 at 5.00.43 PM.jpeg,commercial-site-photos/cafe-seating-interior-15.jpg
WhatsApp Unknown 2026-10-08 at 3.32.39 PM.zip,WhatsApp Image 2026-10-03 at 5.00.43 PM (1).jpeg,commercial-site-photos/cafe-green-accent-wall-16.jpg
WhatsApp Unknown 2026-10-08 at 3.32.39 PM.zip,WhatsApp Image 2026-10-03 at 5.00.43 PM (2).jpeg,commercial-site-photos/cafe-service-counter-17.jpg
WhatsApp Unknown 2026-10-08 at 3.32.39 PM.zip,WhatsApp Image 2026-10-03 at 5.00.43 PM (3).jpeg,commercial-site-photos/cafe-seating-interior-18.jpg
WhatsApp Unknown 2026-10-08 at 3.32.39 PM.zip,WhatsApp Image 2026-10-03 at 5.00.44 PM.jpeg,commercial-site-photos/cafe-green-accent-wall-19.jpg
WhatsApp Unknown 2026-10-08 at 3.32.39 PM.zip,WhatsApp Image 2026-10-03 at 5.00.44 PM (1).jpeg,commercial-site-photos/cafe-service-counter-20.jpg
WhatsApp Unknown 2026-10-08 at 3.32.39 PM.zip,WhatsApp Image 2026-10-03 at 5.00.44 PM (2).jpeg,commercial-site-photos/cafe-seating-interior-21.jpg
WhatsApp Unknown 2026-10-08 at 3.32.39 PM.zip,WhatsApp Image 2026-10-03 at 5.00.45 PM.jpeg,commercial-site-photos/cafe-green-accent-wall-22.jpg
WhatsApp Unknown 2026-10-08 at 3.32.39 PM.zip,WhatsApp Image 2026-10-03 at 5.01.21 PM.jpeg,residential-site-photos/interior-staircase-design-23.jpg
WhatsApp Unknown 2026-10-08 at 3.32.39 PM.zip,WhatsApp Image 2026-10-03 at 5.01.21 PM (1).jpeg,residential-site-photos/interior-staircase-design-24.jpg
WhatsApp Unknown 2026-10-08 at 3.32.39 PM.zip,WhatsApp Image 2026-10-03 at 5.01.22 PM.jpeg,residential-site-photos/interior-staircase-design-25.jpg
WhatsApp Unknown 2026-10-08 at 3.32.39 PM.zip,WhatsApp Image 2026-10-03 at 5.01.22 PM (1).jpeg,residential-site-photos/interior-staircase-design-26.jpg
WhatsApp Unknown 2026-10-08 at 3.32.39 PM.zip,WhatsApp Image 2026-10-03 at 5.01.22 PM (2).jpeg,residential-site-photos/modern-bedroom-interior-27.jpg
WhatsApp Unknown 2026-10-08 at 3.32.39 PM.zip,WhatsApp Image 2026-10-03 at 5.01.23 PM.jpeg,residential-site-photos/bedroom-false-ceiling-28.jpg
WhatsApp Unknown 2026-10-08 at 3.32.39 PM.zip,WhatsApp Image 2026-10-03 at 5.01.23 PM (1).jpeg,residential-site-photos/bedroom-wall-paneling-29.jpg
WhatsApp Unknown 2026-10-08 at 3.32.39 PM.zip,WhatsApp Image 2026-10-03 at 5.01.25 PM.jpeg,residential-site-photos/bedroom-ambient-lighting-30.jpg
WhatsApp Unknown 2026-10-08 at 3.32.39 PM.zip,WhatsApp Image 2026-10-03 at 5.01.25 PM (1).jpeg,residential-site-photos/modern-bedroom-interior-31.jpg
WhatsApp Unknown 2026-10-08 at 3.32.39 PM.zip,WhatsApp Image 2026-10-03 at 5.01.27 PM.jpeg,residential-site-photos/bedroom-false-ceiling-32.jpg
WhatsApp Unknown 2026-10-08 at 3.32.39 PM.zip,WhatsApp Image 2026-10-03 at 5.01.28 PM.jpeg,residential-site-photos/bedroom-wall-paneling-33.jpg
WhatsApp Unknown 2026-10-08 at 3.32.39 PM.zip,WhatsApp Image 2026-10-03 at 5.01.28 PM (1).jpeg,residential-site-photos/bedroom-ambient-lighting-34.jpg
WhatsApp Unknown 2026-10-08 at 3.32.39 PM.zip,WhatsApp Image 2026-10-03 at 5.01.29 PM.jpeg,residential-site-photos/modern-bedroom-interior-35.jpg
WhatsApp Unknown 2026-10-08 at 3.32.39 PM.zip,WhatsApp Image 2026-10-03 at 5.01.30 PM.jpeg,residential-site-photos/bedroom-false-ceiling-36.jpg
WhatsApp Unknown 2026-10-08 at 3.32.39 PM.zip,WhatsApp Image 2026-10-03 at 5.01.31 PM.jpeg,residential-site-photos/bedroom-wall-paneling-37.jpg
WhatsApp Unknown 2026-10-08 at 3.32.39 PM.zip,WhatsApp Image 2026-10-03 at 5.01.31 PM (1).jpeg,residential-site-photos/bedroom-ambient-lighting-38.jpg
WhatsApp Unknown 2026-10-08 at 3.32.39 PM.zip,WhatsApp Image 2026-10-03 at 5.01.31 PM (2).jpeg,residential-site-photos/modern-bedroom-interior-39.jpg
WhatsApp Unknown 2026-10-08 at 3.32.39 PM.zip,WhatsApp Image 2026-10-03 at 5.01.32 PM.jpeg,residential-site-photos/bedroom-false-ceiling-40.jpg
WhatsApp Unknown 2026-10-08 at 3.32.39 PM.zip,WhatsApp Image 2026-10-03 at 5.01.32 PM (1).jpeg,residential-site-photos/bedroom-wall-paneling-41.jpg
WhatsApp Unknown 2026-10-08 at 3.32.39 PM.zip,WhatsApp Image 2026-10-03 at 5.01.32 PM (2).jpeg,residential-site-photos/bedroom-ambient-lighting-42.jpg
WhatsApp Unknown 2026-10-08 at 3.32.39 PM.zip,WhatsApp Image 2026-10-03 at 5.01.35 PM.jpeg,residential-site-photos/modern-living-room-43.jpg
WhatsApp Unknown 2026-10-08 at 3.32.39 PM.zip,WhatsApp Image 2026-10-03 at 5.01.35 PM (1).jpeg,residential-site-photos/living-room-ceiling-lighting-44.jpg
WhatsApp Unknown 2026-10-08 at 3.32.39 PM.zip,WhatsApp Image 2026-10-03 at 5.01.36 PM.jpeg,residential-site-photos/living-room-feature-wall-45.jpg
WhatsApp Unknown 2026-10-08 at 3.32.39 PM.zip,WhatsApp Image 2026-10-03 at 5.01.36 PM (1).jpeg,residential-site-photos/residential-interior-details-46.jpg
WhatsApp Unknown 2026-10-08 at 3.32.39 PM.zip,WhatsApp Image 2026-10-03 at 5.01.36 PM (2).jpeg,residential-site-photos/modern-living-room-47.jpg
WhatsApp Unknown 2026-10-08 at 3.32.39 PM.zip,WhatsApp Image 2026-10-03 at 5.01.37 PM.jpeg,residential-site-photos/living-room-ceiling-lighting-48.jpg
WhatsApp Unknown 2026-10-08 at 3.32.39 PM.zip,WhatsApp Image 2026-10-03 at 5.01.37 PM (1).jpeg,residential-site-photos/living-room-feature-wall-49.jpg
WhatsApp Unknown 2026-10-08 at 3.32.39 PM.zip,WhatsApp Image 2026-10-03 at 5.01.37 PM (2).jpeg,residential-site-photos/residential-interior-details-50.jpg
WhatsApp Unknown 2026-10-08 at 3.32.39 PM.zip,WhatsApp Image 2026-10-03 at 5.01.38 PM.jpeg,residential-site-photos/modern-living-room-51.jpg
WhatsApp Unknown 2026-10-08 at 3.32.39 PM.zip,WhatsApp Image 2026-10-03 at 5.01.38 PM (1).jpeg,residential-site-photos/living-room-ceiling-lighting-52.jpg
WhatsApp Unknown 2026-10-08 at 3.32.39 PM.zip,WhatsApp Image 2026-10-03 at 5.01.38 PM (2).jpeg,residential-site-photos/living-room-feature-wall-53.jpg
WhatsApp Unknown 2026-10-08 at 3.32.39 PM.zip,WhatsApp Image 2026-10-03 at 5.01.39 PM.jpeg,residential-site-photos/residential-interior-details-54.jpg
WhatsApp Unknown 2026-10-08 at 3.32.39 PM.zip,WhatsApp Image 2026-10-03 at 5.01.39 PM (1).jpeg,residential-site-photos/modern-living-room-55.jpg
WhatsApp Unknown 2026-10-08 at 3.32.39 PM.zip,WhatsApp Image 2026-10-03 at 5.01.39 PM (2).jpeg,residential-site-photos/living-room-ceiling-lighting-56.jpg
WhatsApp Unknown 2026-10-08 at 3.32.39 PM.zip,WhatsApp Image 2026-10-03 at 5.01.40 PM.jpeg,residential-site-photos/living-room-feature-wall-57.jpg
WhatsApp Unknown 2026-10-08 at 3.32.39 PM.zip,WhatsApp Image 2026-10-03 at 5.01.40 PM (1).jpeg,residential-site-photos/residential-interior-details-58.jpg
WhatsApp Unknown 2026-10-08 at 3.32.39 PM.zip,WhatsApp Image 2026-10-03 at 5.01.40 PM (2).jpeg,residential-site-photos/modern-living-room-59.jpg
WhatsApp Unknown 2026-10-08 at 3.32.39 PM.zip,WhatsApp Image 2026-10-03 at 5.01.41 PM.jpeg,residential-site-photos/living-room-ceiling-lighting-60.jpg
WhatsApp Unknown 2026-10-08 at 3.32.39 PM.zip,WhatsApp Image 2026-10-03 at 5.01.41 PM (1).jpeg,residential-site-photos/living-room-feature-wall-61.jpg
